Year, Title                   , Sleeves, Euro Count, Standard Count, 70*121 Count, 65*130 Count
2021, Core                    , Ryker  , 0         , 23            , 0           , 0           
2021, Carnage at the Carnival , Premium, 38        , 35            , 0           , 0           
2021, Slaughter in the Groves , Premium, 34        , 35            , 2           , 0           
2021, Terror from Above       , Ryker  , 0         , 31            , 0           , 0           
2021, The Happy Trails Horror , Premium, 35        , 33            , 0           , 0           
2023, A Knock at the Door     , Premium, 47        , 33            , 0           , 0           
2023, Box of Props            , Ryker  , 14        , 0             , 1           , 0           
2023, Into the Void           , Ryker  , 37        , 50            , 0           , 0           
2023, Madness in the Dark     , Premium, 45        , 41            , 0           , 0           
2023, Once Upon a Full Moon   , Premium, 35        , 33            , 0           , 0           
2023, Panic at Station 2891   , Premium, 42        , 31            , 0           , 6           
2023, Terror from the Grave   , Ryker  , 0         , 38            , 0           , 0           
2023, The North Pole Nightmare, Premium, 35        , 42            , 0           , 0           
2024, Don't Make a Sound      , Ryker  , 39        , 45            , 0           , 0           
2024, Hell to Pay             , Ryker  , 43        , 34            , 0           , 0           
2024, Terror from Destiny     , Ryker  , 20        , 34            , 0           , 0           
2024, The Falconwood Files    , Ryker  , 41        , 38            , 0           , 0           
2024, The Killer from Tomorrow, Ryker  , 35        , 47            , 2           , 0           
2024, The Marrek Murders      , Ryker  , 33        , 35            , 11          , 0           
2025, Guest Stars             , Ryker  , 17        , 42            , 0           , 0           
2025, Series 3 Bonus Features , Ryker  , 0         , 5             , 0           , 0           
2025, Shriek                  , Ryker  , 53        , 76            , 0           , 0           